"","TimeStamp","Timestamp.UTC.","hour_cross","minute_cross","year_cross","doy_cross","minlag","minlead"
"1",2005-01-04 19:04:00,"04/01/2005 19:04:30.000",19,4,2005,3,2005-01-04 18:49:00,2005-01-04 19:19:00
"2",2005-01-05 02:34:00,"05/01/2005 02:34:30.000",2,34,2005,4,2005-01-05 02:19:00,2005-01-05 02:49:00
"3",2005-01-05 05:48:00,"05/01/2005 05:48:30.000",5,48,2005,4,2005-01-05 05:33:00,2005-01-05 06:03:00
"4",2005-01-05 21:36:00,"05/01/2005 21:36:30.000",21,36,2005,4,2005-01-05 21:21:00,2005-01-05 21:51:00
"5",2005-01-25 03:01:00,"25/01/2005 03:01:30.000",3,1,2005,24,2005-01-25 02:46:00,2005-01-25 03:16:00
"6",2005-01-25 06:55:00,"25/01/2005 06:55:30.000",6,55,2005,24,2005-01-25 06:40:00,2005-01-25 07:10:00
"7",2005-01-25 14:22:00,"25/01/2005 14:22:30.000",14,22,2005,24,2005-01-25 14:07:00,2005-01-25 14:37:00
"8",2005-01-28 16:01:00,"28/01/2005 16:01:30.000",16,1,2005,27,2005-01-28 15:46:00,2005-01-28 16:16:00
"9",2005-01-28 16:13:00,"28/01/2005 16:13:30.000",16,13,2005,27,2005-01-28 15:58:00,2005-01-28 16:28:00
"10",2005-02-12 07:52:00,"12/02/2005 07:52:30.000",7,52,2005,42,2005-02-12 07:37:00,2005-02-12 08:07:00
"11",2005-02-12 08:22:00,"12/02/2005 08:22:30.000",8,22,2005,42,2005-02-12 08:07:00,2005-02-12 08:37:00
"12",2005-02-12 19:30:00,"12/02/2005 19:30:30.000",19,30,2005,42,2005-02-12 19:15:00,2005-02-12 19:45:00
"13",2005-02-25 08:46:00,"25/02/2005 08:46:30.000",8,46,2005,55,2005-02-25 08:31:00,2005-02-25 09:01:00
"14",2005-03-02 07:31:00,"02/03/2005 07:31:30.000",7,31,2005,60,2005-03-02 07:16:00,2005-03-02 07:46:00
"15",2005-03-02 16:06:00,"02/03/2005 16:06:30.000",16,6,2005,60,2005-03-02 15:51:00,2005-03-02 16:21:00
"16",2005-03-05 16:07:00,"05/03/2005 16:07:30.000",16,7,2005,63,2005-03-05 15:52:00,2005-03-05 16:22:00
"17",2005-03-06 16:40:00,"06/03/2005 16:40:30.000",16,40,2005,64,2005-03-06 16:25:00,2005-03-06 16:55:00
"18",2005-03-06 17:03:00,"06/03/2005 17:03:30.000",17,3,2005,64,2005-03-06 16:48:00,2005-03-06 17:18:00
"19",2005-03-06 18:39:00,"06/03/2005 18:39:30.000",18,39,2005,64,2005-03-06 18:24:00,2005-03-06 18:54:00
"20",2005-03-15 19:25:00,"15/03/2005 19:25:30.000",19,25,2005,73,2005-03-15 19:10:00,2005-03-15 19:40:00
"21",2005-03-15 22:40:00,"15/03/2005 22:40:30.000",22,40,2005,73,2005-03-15 22:25:00,2005-03-15 22:55:00
"22",2005-03-15 23:47:00,"15/03/2005 23:47:30.000",23,47,2005,73,2005-03-15 23:32:00,2005-03-16 00:02:00
"23",2005-03-16 00:01:00,"16/03/2005 00:01:30.000",0,1,2005,74,2005-03-15 23:46:00,2005-03-16 00:16:00
"24",2005-03-16 00:50:00,"16/03/2005 00:50:30.000",0,50,2005,74,2005-03-16 00:35:00,2005-03-16 01:05:00
"25",2005-03-16 02:42:00,"16/03/2005 02:42:30.000",2,42,2005,74,2005-03-16 02:27:00,2005-03-16 02:57:00
"26",2005-03-16 03:19:00,"16/03/2005 03:19:30.000",3,19,2005,74,2005-03-16 03:04:00,2005-03-16 03:34:00
"27",2005-03-16 03:46:00,"16/03/2005 03:46:30.000",3,46,2005,74,2005-03-16 03:31:00,2005-03-16 04:01:00
"28",2005-03-16 05:38:00,"16/03/2005 05:38:30.000",5,38,2005,74,2005-03-16 05:23:00,2005-03-16 05:53:00
"29",2005-03-16 07:11:00,"16/03/2005 07:11:30.000",7,11,2005,74,2005-03-16 06:56:00,2005-03-16 07:26:00
"30",2005-03-16 12:01:00,"16/03/2005 12:01:30.000",12,1,2005,74,2005-03-16 11:46:00,2005-03-16 12:16:00
"31",2005-03-16 15:12:00,"16/03/2005 15:12:30.000",15,12,2005,74,2005-03-16 14:57:00,2005-03-16 15:27:00
"32",2005-03-17 02:29:00,"17/03/2005 02:29:30.000",2,29,2005,75,2005-03-17 02:14:00,2005-03-17 02:44:00
"33",2005-03-17 02:49:00,"17/03/2005 02:49:30.000",2,49,2005,75,2005-03-17 02:34:00,2005-03-17 03:04:00
"34",2005-03-17 22:07:00,"17/03/2005 22:07:30.000",22,7,2005,75,2005-03-17 21:52:00,2005-03-17 22:22:00
"35",2005-03-18 01:53:00,"18/03/2005 01:53:30.000",1,53,2005,76,2005-03-18 01:38:00,2005-03-18 02:08:00
"36",2005-03-18 08:31:00,"18/03/2005 08:31:30.000",8,31,2005,76,2005-03-18 08:16:00,2005-03-18 08:46:00
"37",2005-03-19 23:08:00,"19/03/2005 23:08:30.000",23,8,2005,77,2005-03-19 22:53:00,2005-03-19 23:23:00
"38",2005-03-20 02:35:00,"20/03/2005 02:35:30.000",2,35,2005,78,2005-03-20 02:20:00,2005-03-20 02:50:00
"39",2005-03-20 08:21:00,"20/03/2005 08:21:30.000",8,21,2005,78,2005-03-20 08:06:00,2005-03-20 08:36:00
"40",2005-03-21 02:11:00,"21/03/2005 02:11:30.000",2,11,2005,79,2005-03-21 01:56:00,2005-03-21 02:26:00
"41",2005-03-21 08:17:00,"21/03/2005 08:17:30.000",8,17,2005,79,2005-03-21 08:02:00,2005-03-21 08:32:00
"42",2005-03-21 09:20:00,"21/03/2005 09:20:30.000",9,20,2005,79,2005-03-21 09:05:00,2005-03-21 09:35:00
"43",2005-03-21 14:40:00,"21/03/2005 14:40:30.000",14,40,2005,79,2005-03-21 14:25:00,2005-03-21 14:55:00
"44",2005-03-21 17:23:00,"21/03/2005 17:23:30.000",17,23,2005,79,2005-03-21 17:08:00,2005-03-21 17:38:00
"45",2005-03-26 05:19:00,"26/03/2005 05:19:30.000",5,19,2005,84,2005-03-26 05:04:00,2005-03-26 05:34:00
"46",2005-03-26 13:33:00,"26/03/2005 13:33:30.000",13,33,2005,84,2005-03-26 13:18:00,2005-03-26 13:48:00
"47",2005-03-28 00:15:00,"28/03/2005 00:15:30.000",0,15,2005,86,2005-03-28 00:00:00,2005-03-28 00:30:00
"48",2005-03-28 02:36:00,"28/03/2005 02:36:30.000",2,36,2005,86,2005-03-28 02:21:00,2005-03-28 02:51:00
"49",2005-03-28 05:26:00,"28/03/2005 05:26:30.000",5,26,2005,86,2005-03-28 05:11:00,2005-03-28 05:41:00
"50",2005-03-28 07:02:00,"28/03/2005 07:02:30.000",7,2,2005,86,2005-03-28 06:47:00,2005-03-28 07:17:00
"51",2005-03-28 09:03:00,"28/03/2005 09:03:30.000",9,3,2005,86,2005-03-28 08:48:00,2005-03-28 09:18:00
"52",2005-04-13 00:16:00,"13/04/2005 00:16:30.000",0,16,2005,102,2005-04-13 00:01:00,2005-04-13 00:31:00
"53",2005-04-13 02:40:00,"13/04/2005 02:40:30.000",2,40,2005,102,2005-04-13 02:25:00,2005-04-13 02:55:00
"54",2005-04-13 15:31:00,"13/04/2005 15:31:30.000",15,31,2005,102,2005-04-13 15:16:00,2005-04-13 15:46:00
"55",2005-04-13 21:15:00,"13/04/2005 21:15:30.000",21,15,2005,102,2005-04-13 21:00:00,2005-04-13 21:30:00
"56",2005-04-13 22:07:00,"13/04/2005 22:07:30.000",22,7,2005,102,2005-04-13 21:52:00,2005-04-13 22:22:00
"57",2005-04-14 00:27:00,"14/04/2005 00:27:30.000",0,27,2005,103,2005-04-14 00:12:00,2005-04-14 00:42:00
"58",2005-04-14 01:09:00,"14/04/2005 01:09:30.000",1,9,2005,103,2005-04-14 00:54:00,2005-04-14 01:24:00
"59",2005-04-21 18:39:00,"21/04/2005 18:39:30.000",18,39,2005,110,2005-04-21 18:24:00,2005-04-21 18:54:00
"60",2005-04-21 19:00:00,"21/04/2005 19:00:30.000",19,0,2005,110,2005-04-21 18:45:00,2005-04-21 19:15:00
"61",2005-04-22 01:25:00,"22/04/2005 01:25:30.000",1,25,2005,111,2005-04-22 01:10:00,2005-04-22 01:40:00
"62",2005-04-22 08:47:00,"22/04/2005 08:47:30.000",8,47,2005,111,2005-04-22 08:32:00,2005-04-22 09:02:00
"63",2005-04-22 10:46:00,"22/04/2005 10:46:30.000",10,46,2005,111,2005-04-22 10:31:00,2005-04-22 11:01:00
"64",2005-04-25 04:22:00,"25/04/2005 04:22:30.000",4,22,2005,114,2005-04-25 04:07:00,2005-04-25 04:37:00
"65",2005-04-25 05:43:00,"25/04/2005 05:43:30.000",5,43,2005,114,2005-04-25 05:28:00,2005-04-25 05:58:00
"66",2005-04-25 08:28:00,"25/04/2005 08:28:30.000",8,28,2005,114,2005-04-25 08:13:00,2005-04-25 08:43:00
"67",2005-04-25 12:47:00,"25/04/2005 12:47:30.000",12,47,2005,114,2005-04-25 12:32:00,2005-04-25 13:02:00
"68",2005-04-25 21:52:00,"25/04/2005 21:52:30.000",21,52,2005,114,2005-04-25 21:37:00,2005-04-25 22:07:00
"69",2005-04-27 08:09:00,"27/04/2005 08:09:30.000",8,9,2005,116,2005-04-27 07:54:00,2005-04-27 08:24:00
"70",2005-04-27 10:10:00,"27/04/2005 10:10:30.000",10,10,2005,116,2005-04-27 09:55:00,2005-04-27 10:25:00
"71",2005-05-11 20:51:00,"11/05/2005 20:51:30.000",20,51,2005,130,2005-05-11 20:36:00,2005-05-11 21:06:00
"72",2005-05-11 21:26:00,"11/05/2005 21:26:30.000",21,26,2005,130,2005-05-11 21:11:00,2005-05-11 21:41:00
"73",2005-05-12 00:46:00,"12/05/2005 00:46:30.000",0,46,2005,131,2005-05-12 00:31:00,2005-05-12 01:01:00
"74",2005-05-15 05:42:00,"15/05/2005 05:42:30.000",5,42,2005,134,2005-05-15 05:27:00,2005-05-15 05:57:00
"75",2005-05-17 01:55:00,"17/05/2005 01:55:30.000",1,55,2005,136,2005-05-17 01:40:00,2005-05-17 02:10:00
"76",2005-05-17 06:01:00,"17/05/2005 06:01:30.000",6,1,2005,136,2005-05-17 05:46:00,2005-05-17 06:16:00
"77",2005-05-17 10:25:00,"17/05/2005 10:25:30.000",10,25,2005,136,2005-05-17 10:10:00,2005-05-17 10:40:00
"78",2005-05-17 14:37:00,"17/05/2005 14:37:30.000",14,37,2005,136,2005-05-17 14:22:00,2005-05-17 14:52:00
"79",2005-05-17 15:22:00,"17/05/2005 15:22:30.000",15,22,2005,136,2005-05-17 15:07:00,2005-05-17 15:37:00
"80",2005-05-17 15:43:00,"17/05/2005 15:43:30.000",15,43,2005,136,2005-05-17 15:28:00,2005-05-17 15:58:00
"81",2005-05-29 12:29:00,"29/05/2005 12:29:30.000",12,29,2005,148,2005-05-29 12:14:00,2005-05-29 12:44:00
"82",2005-05-29 12:51:00,"29/05/2005 12:51:30.000",12,51,2005,148,2005-05-29 12:36:00,2005-05-29 13:06:00
"83",2005-05-29 16:37:00,"29/05/2005 16:37:30.000",16,37,2005,148,2005-05-29 16:22:00,2005-05-29 16:52:00
"84",2005-06-02 16:14:00,"02/06/2005 16:14:30.000",16,14,2005,152,2005-06-02 15:59:00,2005-06-02 16:29:00
"85",2005-06-02 17:06:00,"02/06/2005 17:06:30.000",17,6,2005,152,2005-06-02 16:51:00,2005-06-02 17:21:00
"86",2005-06-02 19:41:00,"02/06/2005 19:41:30.000",19,41,2005,152,2005-06-02 19:26:00,2005-06-02 19:56:00
"87",2005-06-02 21:43:00,"02/06/2005 21:43:30.000",21,43,2005,152,2005-06-02 21:28:00,2005-06-02 21:58:00
"88",2005-06-03 01:10:00,"03/06/2005 01:10:30.000",1,10,2005,153,2005-06-03 00:55:00,2005-06-03 01:25:00
"89",2005-06-03 04:57:00,"03/06/2005 04:57:30.000",4,57,2005,153,2005-06-03 04:42:00,2005-06-03 05:12:00
"90",2005-06-03 18:33:00,"03/06/2005 18:33:30.000",18,33,2005,153,2005-06-03 18:18:00,2005-06-03 18:48:00
"91",2005-06-03 20:20:00,"03/06/2005 20:20:30.000",20,20,2005,153,2005-06-03 20:05:00,2005-06-03 20:35:00
"92",2005-06-04 11:04:00,"04/06/2005 11:04:30.000",11,4,2005,154,2005-06-04 10:49:00,2005-06-04 11:19:00
"93",2005-06-04 20:46:00,"04/06/2005 20:46:30.000",20,46,2005,154,2005-06-04 20:31:00,2005-06-04 21:01:00
"94",2005-06-04 21:32:00,"04/06/2005 21:32:30.000",21,32,2005,154,2005-06-04 21:17:00,2005-06-04 21:47:00
"95",2005-06-05 03:01:00,"05/06/2005 03:01:30.000",3,1,2005,155,2005-06-05 02:46:00,2005-06-05 03:16:00
"96",2005-06-05 03:24:00,"05/06/2005 03:24:30.000",3,24,2005,155,2005-06-05 03:09:00,2005-06-05 03:39:00
"97",2005-06-05 06:02:00,"05/06/2005 06:02:30.000",6,2,2005,155,2005-06-05 05:47:00,2005-06-05 06:17:00
"98",2005-06-05 08:49:00,"05/06/2005 08:49:30.000",8,49,2005,155,2005-06-05 08:34:00,2005-06-05 09:04:00
"99",2005-06-05 10:43:00,"05/06/2005 10:43:30.000",10,43,2005,155,2005-06-05 10:28:00,2005-06-05 10:58:00
"100",2005-06-05 18:38:00,"05/06/2005 18:38:30.000",18,38,2005,155,2005-06-05 18:23:00,2005-06-05 18:53:00
"101",2005-06-05 20:41:00,"05/06/2005 20:41:30.000",20,41,2005,155,2005-06-05 20:26:00,2005-06-05 20:56:00
"102",2005-06-05 23:45:00,"05/06/2005 23:45:30.000",23,45,2005,155,2005-06-05 23:30:00,2005-06-06 00:00:00
"103",2005-06-21 08:09:00,"21/06/2005 08:09:30.000",8,9,2005,171,2005-06-21 07:54:00,2005-06-21 08:24:00
"104",2005-06-21 13:40:00,"21/06/2005 13:40:30.000",13,40,2005,171,2005-06-21 13:25:00,2005-06-21 13:55:00
"105",2005-06-21 17:06:00,"21/06/2005 17:06:30.000",17,6,2005,171,2005-06-21 16:51:00,2005-06-21 17:21:00
"106",2005-06-22 14:21:00,"22/06/2005 14:21:30.000",14,21,2005,172,2005-06-22 14:06:00,2005-06-22 14:36:00
"107",2005-06-22 17:54:00,"22/06/2005 17:54:30.000",17,54,2005,172,2005-06-22 17:39:00,2005-06-22 18:09:00
"108",2005-06-23 09:00:00,"23/06/2005 09:00:30.000",9,0,2005,173,2005-06-23 08:45:00,2005-06-23 09:15:00
"109",2005-06-23 12:05:00,"23/06/2005 12:05:30.000",12,5,2005,173,2005-06-23 11:50:00,2005-06-23 12:20:00
"110",2005-06-24 05:32:00,"24/06/2005 05:32:30.000",5,32,2005,174,2005-06-24 05:17:00,2005-06-24 05:47:00
"111",2005-06-24 06:33:00,"24/06/2005 06:33:30.000",6,33,2005,174,2005-06-24 06:18:00,2005-06-24 06:48:00
"112",2005-06-24 12:24:00,"24/06/2005 12:24:30.000",12,24,2005,174,2005-06-24 12:09:00,2005-06-24 12:39:00
"113",2005-06-24 14:11:00,"24/06/2005 14:11:30.000",14,11,2005,174,2005-06-24 13:56:00,2005-06-24 14:26:00
"114",2005-06-24 17:29:00,"24/06/2005 17:29:30.000",17,29,2005,174,2005-06-24 17:14:00,2005-06-24 17:44:00
"115",2005-06-24 19:57:00,"24/06/2005 19:57:30.000",19,57,2005,174,2005-06-24 19:42:00,2005-06-24 20:12:00
"116",2005-06-24 23:45:00,"24/06/2005 23:45:30.000",23,45,2005,174,2005-06-24 23:30:00,2005-06-25 00:00:00
"117",2005-06-25 06:09:00,"25/06/2005 06:09:30.000",6,9,2005,175,2005-06-25 05:54:00,2005-06-25 06:24:00
"118",2005-06-25 07:21:00,"25/06/2005 07:21:30.000",7,21,2005,175,2005-06-25 07:06:00,2005-06-25 07:36:00
"119",2005-07-02 10:48:00,"02/07/2005 10:48:30.000",10,48,2005,182,2005-07-02 10:33:00,2005-07-02 11:03:00
"120",2005-07-02 15:23:00,"02/07/2005 15:23:30.000",15,23,2005,182,2005-07-02 15:08:00,2005-07-02 15:38:00
"121",2005-07-02 18:47:00,"02/07/2005 18:47:30.000",18,47,2005,182,2005-07-02 18:32:00,2005-07-02 19:02:00
"122",2005-07-02 20:43:00,"02/07/2005 20:43:30.000",20,43,2005,182,2005-07-02 20:28:00,2005-07-02 20:58:00
"123",2005-07-03 05:11:00,"03/07/2005 05:11:30.000",5,11,2005,183,2005-07-03 04:56:00,2005-07-03 05:26:00
"124",2005-07-03 09:39:00,"03/07/2005 09:39:30.000",9,39,2005,183,2005-07-03 09:24:00,2005-07-03 09:54:00
"125",2005-07-03 17:19:00,"03/07/2005 17:19:30.000",17,19,2005,183,2005-07-03 17:04:00,2005-07-03 17:34:00
"126",2005-07-03 20:20:00,"03/07/2005 20:20:30.000",20,20,2005,183,2005-07-03 20:05:00,2005-07-03 20:35:00
"127",2005-07-04 14:39:00,"04/07/2005 14:39:30.000",14,39,2005,184,2005-07-04 14:24:00,2005-07-04 14:54:00
"128",2005-07-04 17:35:00,"04/07/2005 17:35:30.000",17,35,2005,184,2005-07-04 17:20:00,2005-07-04 17:50:00
"129",2005-07-04 18:22:00,"04/07/2005 18:22:30.000",18,22,2005,184,2005-07-04 18:07:00,2005-07-04 18:37:00
"130",2005-07-04 22:03:00,"04/07/2005 22:03:30.000",22,3,2005,184,2005-07-04 21:48:00,2005-07-04 22:18:00
"131",2005-07-05 00:05:00,"05/07/2005 00:05:30.000",0,5,2005,185,2005-07-04 23:50:00,2005-07-05 00:20:00
"132",2005-07-05 18:00:00,"05/07/2005 18:00:30.000",18,0,2005,185,2005-07-05 17:45:00,2005-07-05 18:15:00
"133",2005-07-07 16:13:00,"07/07/2005 16:13:30.000",16,13,2005,187,2005-07-07 15:58:00,2005-07-07 16:28:00
"134",2005-07-07 19:25:00,"07/07/2005 19:25:30.000",19,25,2005,187,2005-07-07 19:10:00,2005-07-07 19:40:00
"135",2005-07-08 14:34:00,"08/07/2005 14:34:30.000",14,34,2005,188,2005-07-08 14:19:00,2005-07-08 14:49:00
"136",2005-07-08 14:57:00,"08/07/2005 14:57:30.000",14,57,2005,188,2005-07-08 14:42:00,2005-07-08 15:12:00
"137",2005-07-08 18:53:00,"08/07/2005 18:53:30.000",18,53,2005,188,2005-07-08 18:38:00,2005-07-08 19:08:00
"138",2005-07-08 22:09:00,"08/07/2005 22:09:30.000",22,9,2005,188,2005-07-08 21:54:00,2005-07-08 22:24:00
"139",2005-07-08 22:18:00,"08/07/2005 22:18:30.000",22,18,2005,188,2005-07-08 22:03:00,2005-07-08 22:33:00
"140",2005-07-08 22:48:00,"08/07/2005 22:48:30.000",22,48,2005,188,2005-07-08 22:33:00,2005-07-08 23:03:00
"141",2005-07-12 05:33:00,"12/07/2005 05:33:30.000",5,33,2005,192,2005-07-12 05:18:00,2005-07-12 05:48:00
"142",2005-07-12 11:14:00,"12/07/2005 11:14:30.000",11,14,2005,192,2005-07-12 10:59:00,2005-07-12 11:29:00
"143",2005-07-12 15:02:00,"12/07/2005 15:02:30.000",15,2,2005,192,2005-07-12 14:47:00,2005-07-12 15:17:00
"144",2005-07-12 18:34:00,"12/07/2005 18:34:30.000",18,34,2005,192,2005-07-12 18:19:00,2005-07-12 18:49:00
"145",2005-07-13 09:10:00,"13/07/2005 09:10:30.000",9,10,2005,193,2005-07-13 08:55:00,2005-07-13 09:25:00
"146",2005-07-13 15:43:00,"13/07/2005 15:43:30.000",15,43,2005,193,2005-07-13 15:28:00,2005-07-13 15:58:00
"147",2005-07-25 18:13:00,"25/07/2005 18:13:30.000",18,13,2005,205,2005-07-25 17:58:00,2005-07-25 18:28:00
"148",2005-07-29 22:13:00,"29/07/2005 22:13:30.000",22,13,2005,209,2005-07-29 21:58:00,2005-07-29 22:28:00
"149",2005-07-29 23:52:00,"29/07/2005 23:52:30.000",23,52,2005,209,2005-07-29 23:37:00,2005-07-30 00:07:00
"150",2005-07-30 15:48:00,"30/07/2005 15:48:30.000",15,48,2005,210,2005-07-30 15:33:00,2005-07-30 16:03:00
"151",2005-07-30 20:37:00,"30/07/2005 20:37:30.000",20,37,2005,210,2005-07-30 20:22:00,2005-07-30 20:52:00
"152",2005-08-09 22:58:00,"09/08/2005 22:58:30.000",22,58,2005,220,2005-08-09 22:43:00,2005-08-09 23:13:00
"153",2005-08-10 00:23:00,"10/08/2005 00:23:30.000",0,23,2005,221,2005-08-10 00:08:00,2005-08-10 00:38:00
"154",2005-08-10 01:23:00,"10/08/2005 01:23:30.000",1,23,2005,221,2005-08-10 01:08:00,2005-08-10 01:38:00
"155",2005-08-10 21:29:00,"10/08/2005 21:29:30.000",21,29,2005,221,2005-08-10 21:14:00,2005-08-10 21:44:00
"156",2005-08-11 03:45:00,"11/08/2005 03:45:30.000",3,45,2005,222,2005-08-11 03:30:00,2005-08-11 04:00:00
"157",2005-08-12 00:46:00,"12/08/2005 00:46:30.000",0,46,2005,223,2005-08-12 00:31:00,2005-08-12 01:01:00
"158",2005-08-12 03:14:00,"12/08/2005 03:14:30.000",3,14,2005,223,2005-08-12 02:59:00,2005-08-12 03:29:00
"159",2005-08-12 06:30:00,"12/08/2005 06:30:30.000",6,30,2005,223,2005-08-12 06:15:00,2005-08-12 06:45:00
"160",2005-08-12 18:15:00,"12/08/2005 18:15:30.000",18,15,2005,223,2005-08-12 18:00:00,2005-08-12 18:30:00
"161",2005-08-13 13:31:00,"13/08/2005 13:31:30.000",13,31,2005,224,2005-08-13 13:16:00,2005-08-13 13:46:00
"162",2005-08-17 17:25:00,"17/08/2005 17:25:30.000",17,25,2005,228,2005-08-17 17:10:00,2005-08-17 17:40:00
"163",2005-08-17 20:02:00,"17/08/2005 20:02:30.000",20,2,2005,228,2005-08-17 19:47:00,2005-08-17 20:17:00
"164",2005-08-17 23:52:00,"17/08/2005 23:52:30.000",23,52,2005,228,2005-08-17 23:37:00,2005-08-18 00:07:00
"165",2005-08-30 14:39:00,"30/08/2005 14:39:30.000",14,39,2005,241,2005-08-30 14:24:00,2005-08-30 14:54:00
"166",2005-08-30 20:20:00,"30/08/2005 20:20:30.000",20,20,2005,241,2005-08-30 20:05:00,2005-08-30 20:35:00
"167",2005-08-30 22:33:00,"30/08/2005 22:33:30.000",22,33,2005,241,2005-08-30 22:18:00,2005-08-30 22:48:00
"168",2005-08-31 00:33:00,"31/08/2005 00:33:30.000",0,33,2005,242,2005-08-31 00:18:00,2005-08-31 00:48:00
"169",2005-08-31 02:04:00,"31/08/2005 02:04:30.000",2,4,2005,242,2005-08-31 01:49:00,2005-08-31 02:19:00
"170",2005-08-31 02:32:00,"31/08/2005 02:32:30.000",2,32,2005,242,2005-08-31 02:17:00,2005-08-31 02:47:00
"171",2005-09-02 05:53:00,"02/09/2005 05:53:30.000",5,53,2005,244,2005-09-02 05:38:00,2005-09-02 06:08:00
"172",2005-09-02 06:57:00,"02/09/2005 06:57:30.000",6,57,2005,244,2005-09-02 06:42:00,2005-09-02 07:12:00
"173",2005-09-02 07:52:00,"02/09/2005 07:52:30.000",7,52,2005,244,2005-09-02 07:37:00,2005-09-02 08:07:00
"174",2005-09-02 08:43:00,"02/09/2005 08:43:30.000",8,43,2005,244,2005-09-02 08:28:00,2005-09-02 08:58:00
"175",2005-09-10 16:29:00,"10/09/2005 16:29:30.000",16,29,2005,252,2005-09-10 16:14:00,2005-09-10 16:44:00
"176",2005-09-10 17:17:00,"10/09/2005 17:17:30.000",17,17,2005,252,2005-09-10 17:02:00,2005-09-10 17:32:00
"177",2005-09-11 12:25:00,"11/09/2005 12:25:30.000",12,25,2005,253,2005-09-11 12:10:00,2005-09-11 12:40:00
"178",2005-09-12 01:28:00,"12/09/2005 01:28:30.000",1,28,2005,254,2005-09-12 01:13:00,2005-09-12 01:43:00
"179",2005-09-12 02:00:00,"12/09/2005 02:00:30.000",2,0,2005,254,2005-09-12 01:45:00,2005-09-12 02:15:00
"180",2005-09-13 00:14:00,"13/09/2005 00:14:30.000",0,14,2005,255,2005-09-12 23:59:00,2005-09-13 00:29:00
"181",2005-09-13 00:27:00,"13/09/2005 00:27:30.000",0,27,2005,255,2005-09-13 00:12:00,2005-09-13 00:42:00
"182",2005-09-13 02:14:00,"13/09/2005 02:14:30.000",2,14,2005,255,2005-09-13 01:59:00,2005-09-13 02:29:00
"183",2005-09-13 02:38:00,"13/09/2005 02:38:30.000",2,38,2005,255,2005-09-13 02:23:00,2005-09-13 02:53:00
"184",2005-09-13 17:22:00,"13/09/2005 17:22:30.000",17,22,2005,255,2005-09-13 17:07:00,2005-09-13 17:37:00
"185",2005-09-13 18:06:00,"13/09/2005 18:06:30.000",18,6,2005,255,2005-09-13 17:51:00,2005-09-13 18:21:00
"186",2005-09-14 00:36:00,"14/09/2005 00:36:30.000",0,36,2005,256,2005-09-14 00:21:00,2005-09-14 00:51:00
"187",2005-09-14 00:58:00,"14/09/2005 00:58:30.000",0,58,2005,256,2005-09-14 00:43:00,2005-09-14 01:13:00
"188",2005-09-14 04:56:00,"14/09/2005 04:56:30.000",4,56,2005,256,2005-09-14 04:41:00,2005-09-14 05:11:00
"189",2005-09-14 08:24:00,"14/09/2005 08:24:30.000",8,24,2005,256,2005-09-14 08:09:00,2005-09-14 08:39:00
"190",2005-09-14 12:39:00,"14/09/2005 12:39:30.000",12,39,2005,256,2005-09-14 12:24:00,2005-09-14 12:54:00
"191",2005-09-14 18:44:00,"14/09/2005 18:44:30.000",18,44,2005,256,2005-09-14 18:29:00,2005-09-14 18:59:00
"192",2005-09-14 20:23:00,"14/09/2005 20:23:30.000",20,23,2005,256,2005-09-14 20:08:00,2005-09-14 20:38:00
"193",2005-09-14 21:45:00,"14/09/2005 21:45:30.000",21,45,2005,256,2005-09-14 21:30:00,2005-09-14 22:00:00
"194",2005-09-15 04:24:00,"15/09/2005 04:24:30.000",4,24,2005,257,2005-09-15 04:09:00,2005-09-15 04:39:00
"195",2005-09-15 16:38:00,"15/09/2005 16:38:30.000",16,38,2005,257,2005-09-15 16:23:00,2005-09-15 16:53:00
"196",2005-09-15 20:10:00,"15/09/2005 20:10:30.000",20,10,2005,257,2005-09-15 19:55:00,2005-09-15 20:25:00
"197",2005-09-16 15:45:00,"16/09/2005 15:45:30.000",15,45,2005,258,2005-09-16 15:30:00,2005-09-16 16:00:00
"198",2005-09-16 18:39:00,"16/09/2005 18:39:30.000",18,39,2005,258,2005-09-16 18:24:00,2005-09-16 18:54:00
"199",2005-10-06 06:22:00,"06/10/2005 06:22:30.000",6,22,2005,278,2005-10-06 06:07:00,2005-10-06 06:37:00
"200",2005-10-07 08:10:00,"07/10/2005 08:10:30.000",8,10,2005,279,2005-10-07 07:55:00,2005-10-07 08:25:00
"201",2005-10-07 13:56:00,"07/10/2005 13:56:30.000",13,56,2005,279,2005-10-07 13:41:00,2005-10-07 14:11:00
"202",2005-10-07 18:28:00,"07/10/2005 18:28:30.000",18,28,2005,279,2005-10-07 18:13:00,2005-10-07 18:43:00
"203",2005-10-08 12:44:00,"08/10/2005 12:44:30.000",12,44,2005,280,2005-10-08 12:29:00,2005-10-08 12:59:00
"204",2005-10-09 11:06:00,"09/10/2005 11:06:30.000",11,6,2005,281,2005-10-09 10:51:00,2005-10-09 11:21:00
"205",2005-10-09 11:53:00,"09/10/2005 11:53:30.000",11,53,2005,281,2005-10-09 11:38:00,2005-10-09 12:08:00
"206",2005-10-09 12:41:00,"09/10/2005 12:41:30.000",12,41,2005,281,2005-10-09 12:26:00,2005-10-09 12:56:00
"207",2005-10-09 19:46:00,"09/10/2005 19:46:30.000",19,46,2005,281,2005-10-09 19:31:00,2005-10-09 20:01:00
"208",2005-10-09 21:03:00,"09/10/2005 21:03:30.000",21,3,2005,281,2005-10-09 20:48:00,2005-10-09 21:18:00
"209",2005-10-10 08:38:00,"10/10/2005 08:38:30.000",8,38,2005,282,2005-10-10 08:23:00,2005-10-10 08:53:00
"210",2005-10-10 09:54:00,"10/10/2005 09:54:30.000",9,54,2005,282,2005-10-10 09:39:00,2005-10-10 10:09:00
"211",2005-10-25 12:41:00,"25/10/2005 12:41:30.000",12,41,2005,297,2005-10-25 12:26:00,2005-10-25 12:56:00
"212",2005-10-25 13:27:00,"25/10/2005 13:27:30.000",13,27,2005,297,2005-10-25 13:12:00,2005-10-25 13:42:00
"213",2005-10-25 17:13:00,"25/10/2005 17:13:30.000",17,13,2005,297,2005-10-25 16:58:00,2005-10-25 17:28:00
"214",2005-10-25 17:31:00,"25/10/2005 17:31:30.000",17,31,2005,297,2005-10-25 17:16:00,2005-10-25 17:46:00
"215",2005-10-25 17:38:00,"25/10/2005 17:38:30.000",17,38,2005,297,2005-10-25 17:23:00,2005-10-25 17:53:00
"216",2005-10-25 18:07:00,"25/10/2005 18:07:30.000",18,7,2005,297,2005-10-25 17:52:00,2005-10-25 18:22:00
"217",2005-11-08 07:03:00,"08/11/2005 07:03:30.000",7,3,2005,311,2005-11-08 06:48:00,2005-11-08 07:18:00
"218",2005-11-08 09:20:00,"08/11/2005 09:20:30.000",9,20,2005,311,2005-11-08 09:05:00,2005-11-08 09:35:00
"219",2005-11-09 08:19:00,"09/11/2005 08:19:30.000",8,19,2005,312,2005-11-09 08:04:00,2005-11-09 08:34:00
"220",2005-11-09 09:08:00,"09/11/2005 09:08:30.000",9,8,2005,312,2005-11-09 08:53:00,2005-11-09 09:23:00
"221",2005-11-09 10:04:00,"09/11/2005 10:04:30.000",10,4,2005,312,2005-11-09 09:49:00,2005-11-09 10:19:00
"222",2005-11-09 11:03:00,"09/11/2005 11:03:30.000",11,3,2005,312,2005-11-09 10:48:00,2005-11-09 11:18:00
"223",2005-11-09 13:08:00,"09/11/2005 13:08:30.000",13,8,2005,312,2005-11-09 12:53:00,2005-11-09 13:23:00
"224",2005-11-09 16:09:00,"09/11/2005 16:09:30.000",16,9,2005,312,2005-11-09 15:54:00,2005-11-09 16:24:00
"225",2005-11-10 12:03:00,"10/11/2005 12:03:30.000",12,3,2005,313,2005-11-10 11:48:00,2005-11-10 12:18:00
"226",2005-11-10 16:10:00,"10/11/2005 16:10:30.000",16,10,2005,313,2005-11-10 15:55:00,2005-11-10 16:25:00
"227",2005-11-11 21:50:00,"11/11/2005 21:50:30.000",21,50,2005,314,2005-11-11 21:35:00,2005-11-11 22:05:00
"228",2005-11-12 02:17:00,"12/11/2005 02:17:30.000",2,17,2005,315,2005-11-12 02:02:00,2005-11-12 02:32:00
"229",2005-11-14 19:17:00,"14/11/2005 19:17:30.000",19,17,2005,317,2005-11-14 19:02:00,2005-11-14 19:32:00
"230",2005-11-15 10:51:00,"15/11/2005 10:51:30.000",10,51,2005,318,2005-11-15 10:36:00,2005-11-15 11:06:00
"231",2005-11-15 17:45:00,"15/11/2005 17:45:30.000",17,45,2005,318,2005-11-15 17:30:00,2005-11-15 18:00:00
"232",2005-11-16 09:05:00,"16/11/2005 09:05:30.000",9,5,2005,319,2005-11-16 08:50:00,2005-11-16 09:20:00
"233",2005-11-16 14:56:00,"16/11/2005 14:56:30.000",14,56,2005,319,2005-11-16 14:41:00,2005-11-16 15:11:00
"234",2005-11-17 06:07:00,"17/11/2005 06:07:30.000",6,7,2005,320,2005-11-17 05:52:00,2005-11-17 06:22:00
"235",2005-11-17 07:42:00,"17/11/2005 07:42:30.000",7,42,2005,320,2005-11-17 07:27:00,2005-11-17 07:57:00
"236",2005-12-09 22:44:00,"09/12/2005 22:44:30.000",22,44,2005,342,2005-12-09 22:29:00,2005-12-09 22:59:00
"237",2005-12-09 23:44:00,"09/12/2005 23:44:30.000",23,44,2005,342,2005-12-09 23:29:00,2005-12-09 23:59:00
"238",2005-12-10 00:43:00,"10/12/2005 00:43:30.000",0,43,2005,343,2005-12-10 00:28:00,2005-12-10 00:58:00
"239",2005-12-10 04:56:00,"10/12/2005 04:56:30.000",4,56,2005,343,2005-12-10 04:41:00,2005-12-10 05:11:00
"240",2005-12-10 12:12:00,"10/12/2005 12:12:30.000",12,12,2005,343,2005-12-10 11:57:00,2005-12-10 12:27:00
"241",2005-12-10 19:06:00,"10/12/2005 19:06:30.000",19,6,2005,343,2005-12-10 18:51:00,2005-12-10 19:21:00
"242",2005-12-11 00:36:00,"11/12/2005 00:36:30.000",0,36,2005,344,2005-12-11 00:21:00,2005-12-11 00:51:00
"243",2005-12-11 10:44:00,"11/12/2005 10:44:30.000",10,44,2005,344,2005-12-11 10:29:00,2005-12-11 10:59:00
"244",2005-12-11 12:22:00,"11/12/2005 12:22:30.000",12,22,2005,344,2005-12-11 12:07:00,2005-12-11 12:37:00
"245",2005-12-12 13:47:00,"12/12/2005 13:47:30.000",13,47,2005,345,2005-12-12 13:32:00,2005-12-12 14:02:00
